event_name,event_time,event_goldstein,event_lat,event_lon,snapshots_before,snapshots_after,avg_traffic_before,avg_traffic_after,traffic_delta_pct,avg_altitude_before,avg_altitude_after,altitude_delta_pct,correlation_signal,signal_label
"☢️  Guerre — Isfahan, Esfahan, Iran",2026-03-04 16:30:00,-10.0,32.6597,51.6714,5,5,1009.8,199.2,-80.27332144979204,6060.965964117406,8715.983395267791,43.80518628332221,1.0,🔴 SIGNAL FORT
☢️  Guerre — United Arab Emirates,2026-03-04 16:15:00,-10.0,24.0,54.0,3,7,1009.0,431.14285714285717,-57.2702817499646,6073.919381812615,7951.855521641163,30.918028735312642,1.0,🔴 SIGNAL FORT
"☢️  Guerre — Elon, Ha?afon, Israel",2026-03-04 16:15:00,-10.0,33.0637,35.2201,3,7,1009.0,431.14285714285717,-57.2702817499646,6073.919381812615,7951.855521641163,30.918028735312642,1.0,🔴 SIGNAL FORT
"☢️  Guerre — Gaza City, Israel (general), Israel",2026-03-04 16:15:00,-10.0,31.4167,34.3333,3,7,1009.0,431.14285714285717,-57.2702817499646,6073.919381812615,7951.855521641163,30.918028735312642,1.0,🔴 SIGNAL FORT
"☢️  Guerre — Anadolu, Turkey (general), Turkey",2026-03-04 16:30:00,-10.0,39.0,35.0,5,5,1009.8,199.2,-80.27332144979204,6060.965964117406,8715.983395267791,43.80518628332221,1.0,🔴 SIGNAL FORT
"☢️  Guerre — Yerevan, Yerevan*, Armenia",2026-03-04 16:30:00,-9.5,40.1811,44.5136,5,5,1009.8,199.2,-80.27332144979204,6060.965964117406,8715.983395267791,43.80518628332221,0.99,🔴 SIGNAL FORT
"☢️  Guerre — Gondar, Amara, Ethiopia",2026-03-04 16:15:00,-9.5,12.6,37.4667,3,7,1009.0,431.14285714285717,-57.2702817499646,6073.919381812615,7951.855521641163,30.918028735312642,0.99,🔴 SIGNAL FORT
"💣 Protestation — Delgi, Amara, Ethiopia",2026-03-04 16:15:00,-7.5,12.2,37.05,3,7,1009.0,431.14285714285717,-57.2702817499646,6073.919381812615,7951.855521641163,30.918028735312642,0.95,🔴 SIGNAL FORT
"⚔️  Conflit armé — Baghdad, Baghdad, Iraq",2026-03-04 16:15:00,-7.2,33.3386,44.3939,3,7,1009.0,431.14285714285717,-57.2702817499646,6073.919381812615,7951.855521641163,30.918028735312642,0.944,🔴 SIGNAL FORT
"🔒 Coercition — Dubai, Dubayy, United Arab Emirates",2026-03-04 16:30:00,-5.0,25.2522,55.28,5,5,1009.8,199.2,-80.27332144979204,6060.965964117406,8715.983395267791,43.80518628332221,0.9,🔴 SIGNAL FORT
"🔒 Coercition — At Tiri, Nabatî, Lebanon",2026-03-04 16:30:00,-5.0,33.1406,35.4028,5,5,1009.8,199.2,-80.27332144979204,6060.965964117406,8715.983395267791,43.80518628332221,0.9,🔴 SIGNAL FORT
Événement 100 — Oman,2026-03-04 16:30:00,-5.0,21.0,57.0,5,5,1009.8,199.2,-80.27332144979204,6060.965964117406,8715.983395267791,43.80518628332221,0.9,🔴 SIGNAL FORT
"🚫 Menace / ultimatum — Hatay, Hatay, Turkey",2026-03-04 16:15:00,-4.4,36.2066,36.1572,3,7,1009.0,431.14285714285717,-57.2702817499646,6073.919381812615,7951.855521641163,30.918028735312642,0.888,🔴 SIGNAL FORT
"💥 Attaque — Ismailiyah, Al Ismailiyah, Egypt",2026-03-04 16:30:00,-4.0,30.6043,32.2723,5,5,1009.8,199.2,-80.27332144979204,6060.965964117406,8715.983395267791,43.80518628332221,0.88,🔴 SIGNAL FORT
"💥 Attaque — Tel Aviv, Tel Aviv, Israel",2026-03-04 16:30:00,-4.0,32.0667,34.7667,5,5,1009.8,199.2,-80.27332144979204,6060.965964117406,8715.983395267791,43.80518628332221,0.88,🔴 SIGNAL FORT
"💥 Attaque — Doha, Ad Daw?ah, Qatar",2026-03-04 16:30:00,-4.0,25.2867,51.5333,5,5,1009.8,199.2,-80.27332144979204,6060.965964117406,8715.983395267791,43.80518628332221,0.88,🔴 SIGNAL FORT
Événement 120 — Qatar,2026-03-04 16:30:00,-4.0,25.5,51.25,5,5,1009.8,199.2,-80.27332144979204,6060.965964117406,8715.983395267791,43.80518628332221,0.88,🔴 SIGNAL FORT
💥 Attaque — Iraq,2026-03-04 16:15:00,-4.0,33.0,44.0,3,7,1009.0,431.14285714285717,-57.2702817499646,6073.919381812615,7951.855521641163,30.918028735312642,0.88,🔴 SIGNAL FORT
Événement 120 — Turkey,2026-03-04 16:15:00,-4.0,39.059012,34.911546,3,7,1009.0,431.14285714285717,-57.2702817499646,6073.919381812615,7951.855521641163,30.918028735312642,0.88,🔴 SIGNAL FORT
"💥 Attaque — Gulf News, Dubayy, United Arab Emirates",2026-03-04 16:15:00,-4.0,25.1877,55.2529,3,7,1009.0,431.14285714285717,-57.2702817499646,6073.919381812615,7951.855521641163,30.918028735312642,0.88,🔴 SIGNAL FORT
Événement 112 — Cyprus,2026-03-04 16:30:00,-2.0,35.0,33.0,5,5,1009.8,199.2,-80.27332144979204,6060.965964117406,8715.983395267791,43.80518628332221,0.84,🔴 SIGNAL FORT
Événement 112 — Iran,2026-03-04 16:15:00,-2.0,32.0,53.0,3,7,1009.0,431.14285714285717,-57.2702817499646,6073.919381812615,7951.855521641163,30.918028735312642,0.84,🔴 SIGNAL FORT
"Événement 112 — Amman, (JO11), Jordan",2026-03-04 16:15:00,-2.0,31.95,35.9333,3,7,1009.0,431.14285714285717,-57.2702817499646,6073.919381812615,7951.855521641163,30.918028735312642,0.84,🔴 SIGNAL FORT
"Événement 90 — River Nile State, Nahr an Nil, Sudan",2026-03-04 16:15:00,-2.0,19.0,33.2,3,7,1009.0,431.14285714285717,-57.2702817499646,6073.919381812615,7951.855521641163,30.918028735312642,0.84,🔴 SIGNAL FORT
Événement 112 — Kuwait,2026-03-04 16:30:00,-2.0,29.5,47.75,5,5,1009.8,199.2,-80.27332144979204,6060.965964117406,8715.983395267791,43.80518628332221,0.84,🔴 SIGNAL FORT
"Événement 112 — Kurdistan, Khuzestan, Iran",2026-03-04 16:15:00,-2.0,30.6693,50.2055,3,7,1009.0,431.14285714285717,-57.2702817499646,6073.919381812615,7951.855521641163,30.918028735312642,0.84,🔴 SIGNAL FORT
"🚫 Menace / ultimatum — Tel Aviv, Tel Aviv, Israel",2026-03-04 16:00:00,-4.4,32.0667,34.7667,0,10,,604.5,,,7388.474679692599,,0.0,⚪ PAS DE SIGNAL
"☢️  Guerre — Sanaa, Sana', Yemen",2026-03-04 15:45:00,-10.0,15.3547,44.2067,0,10,,604.5,,,7388.474679692599,,0.0,⚪ PAS DE SIGNAL
"Événement 90 — Gaza, Israel (general), Israel",2026-03-04 15:45:00,-2.0,31.4167,34.3333,0,10,,604.5,,,7388.474679692599,,0.0,⚪ PAS DE SIGNAL
"🔒 Coercition — Alexandria, Al Iskandariyah, Egypt",2026-03-04 15:45:00,-5.0,31.1981,29.9192,0,10,,604.5,,,7388.474679692599,,0.0,⚪ PAS DE SIGNAL
"💥 Attaque — Tehran, Tehran, Iran",2026-03-04 15:45:00,-4.0,35.75,51.5148,0,10,,604.5,,,7388.474679692599,,0.0,⚪ PAS DE SIGNAL
☢️  Guerre — Iran,2026-03-04 15:45:00,-10.0,32.0,53.0,0,10,,604.5,,,7388.474679692599,,0.0,⚪ PAS DE SIGNAL
"☢️  Guerre — Bekaa, Béa, Lebanon",2026-03-04 15:45:00,-10.0,33.6667,35.8333,0,10,,604.5,,,7388.474679692599,,0.0,⚪ PAS DE SIGNAL
Événement 112 — Turkey,2026-03-04 15:45:00,-2.0,39.059012,34.911546,0,10,,604.5,,,7388.474679692599,,0.0,⚪ PAS DE SIGNAL
Événement 120 — Bahrain,2026-03-04 15:45:00,-4.0,26.0,50.5,0,10,,604.5,,,7388.474679692599,,0.0,⚪ PAS DE SIGNAL
"Événement 111 — Makran, Mazandaran, Iran",2026-03-04 15:45:00,-2.0,36.7047,53.2279,0,10,,604.5,,,7388.474679692599,,0.0,⚪ PAS DE SIGNAL
"☢️  Guerre — Tel Hashomer, HaMerkaz, Israel",2026-03-04 15:45:00,-10.0,32.0539,34.8481,0,10,,604.5,,,7388.474679692599,,0.0,⚪ PAS DE SIGNAL
"☢️  Guerre — Yanbu, Al Madinah, Saudi Arabia",2026-03-04 15:45:00,-9.5,24.0891,38.0637,0,10,,604.5,,,7388.474679692599,,0.0,⚪ PAS DE SIGNAL
"☢️  Guerre — Tel Aviv, Tel Aviv, Israel",2026-03-04 15:45:00,-10.0,32.0667,34.7667,0,10,,604.5,,,7388.474679692599,,0.0,⚪ PAS DE SIGNAL
"☢️  Guerre — Erbil, Liwa' Irbil, Iraq",2026-03-04 15:45:00,-10.0,36.1926,44.0106,0,10,,604.5,,,7388.474679692599,,0.0,⚪ PAS DE SIGNAL
"☢️  Guerre — Minab, Sistan va Baluchestan, Iran",2026-03-04 15:45:00,-10.0,25.7893,61.1025,0,10,,604.5,,,7388.474679692599,,0.0,⚪ PAS DE SIGNAL
"🚫 Menace / ultimatum — Tehran, Tehran, Iran",2026-03-04 16:00:00,-4.4,35.75,51.5148,0,10,,604.5,,,7388.474679692599,,0.0,⚪ PAS DE SIGNAL
💣 Protestation — Israel,2026-03-04 16:00:00,-6.5,31.5,34.75,0,10,,604.5,,,7388.474679692599,,0.0,⚪ PAS DE SIGNAL
"🚫 Menace / ultimatum — Beirut, Beyrouth, Lebanon",2026-03-04 16:00:00,-4.4,33.8719,35.5097,0,10,,604.5,,,7388.474679692599,,0.0,⚪ PAS DE SIGNAL
"Événement 90 — Red Sea, Djibouti (general), Djibouti",2026-03-04 16:00:00,-2.0,19.0,39.5,0,10,,604.5,,,7388.474679692599,,0.0,⚪ PAS DE SIGNAL
"Événement 110 — As Iran, Az¯arbayjan-e Sharqi, Iran",2026-03-04 16:00:00,-2.0,39.0251,47.0697,0,10,,604.5,,,7388.474679692599,,0.0,⚪ PAS DE SIGNAL
☢️  Guerre — Cyprus,2026-03-04 16:00:00,-10.0,35.0,33.0,0,10,,604.5,,,7388.474679692599,,0.0,⚪ PAS DE SIGNAL
⚔️  Conflit armé — Lebanon,2026-03-04 16:00:00,-7.2,33.833333,35.833333,0,10,,604.5,,,7388.474679692599,,0.0,⚪ PAS DE SIGNAL
🔒 Coercition — Lebanon,2026-03-04 15:45:00,-5.0,33.833333,35.833333,0,10,,604.5,,,7388.474679692599,,0.0,⚪ PAS DE SIGNAL
"☢️  Guerre — Kurdistan, Khuzestan, Iran",2026-03-04 16:00:00,-10.0,30.6693,50.2055,0,10,,604.5,,,7388.474679692599,,0.0,⚪ PAS DE SIGNAL
"🚫 Menace / ultimatum — Jerusalem, Israel (general), Israel",2026-03-04 16:00:00,-4.4,31.7667,35.2333,0,10,,604.5,,,7388.474679692599,,0.0,⚪ PAS DE SIGNAL
"☢️  Guerre — Salalah, Z¸ufar, Oman",2026-03-04 16:00:00,-10.0,17.015,54.0924,0,10,,604.5,,,7388.474679692599,,0.0,⚪ PAS DE SIGNAL
"Événement 90 — Shahed, Fars, Iran",2026-03-04 16:00:00,-2.0,28.5934,52.2295,0,10,,604.5,,,7388.474679692599,,0.0,⚪ PAS DE SIGNAL
"Événement 100 — Basij, Fars, Iran",2026-03-04 16:00:00,-5.0,30.608,53.1874,0,10,,604.5,,,7388.474679692599,,0.0,⚪ PAS DE SIGNAL
"Événement 100 — Pahlavi, Gilan, Iran",2026-03-04 16:00:00,-5.0,37.4727,49.4622,0,10,,604.5,,,7388.474679692599,,0.0,⚪ PAS DE SIGNAL
🚫 Menace / ultimatum — Iran,2026-03-04 16:00:00,-5.8,32.0,53.0,0,10,,604.5,,,7388.474679692599,,0.0,⚪ PAS DE SIGNAL
"☢️  Guerre — Baghdad, Baghdad, Iraq",2026-03-04 16:00:00,-10.0,33.3386,44.3939,0,10,,604.5,,,7388.474679692599,,0.0,⚪ PAS DE SIGNAL
"🚨 Attentat — Dubai, Dubayy, United Arab Emirates",2026-03-04 16:00:00,-9.0,25.2522,55.28,0,10,,604.5,,,7388.474679692599,,0.0,⚪ PAS DE SIGNAL
"Événement 110 — Doha, Ad Daw?ah, Qatar",2026-03-04 16:00:00,-2.0,25.2867,51.5333,0,10,,604.5,,,7388.474679692599,,0.0,⚪ PAS DE SIGNAL
Événement 120 — Jordan,2026-03-04 15:45:00,-4.0,31.0,36.0,0,10,,604.5,,,7388.474679692599,,0.0,⚪ PAS DE SIGNAL
"☢️  Guerre — Tehran, Tehran, Iran",2026-03-04 15:00:00,-10.0,35.75,51.5148,0,10,,604.5,,,7388.474679692599,,0.0,⚪ PAS DE SIGNAL
"Événement 111 — Basij, Fars, Iran",2026-03-04 15:00:00,-2.0,30.608,53.1874,0,10,,604.5,,,7388.474679692599,,0.0,⚪ PAS DE SIGNAL
Événement 120 — Cyprus,2026-03-04 15:45:00,-4.0,35.0,33.0,0,10,,604.5,,,7388.474679692599,,0.0,⚪ PAS DE SIGNAL
"☢️  Guerre — Doha, Ad Daw?ah, Qatar",2026-03-04 15:15:00,-10.0,25.2867,51.5333,0,10,,604.5,,,7388.474679692599,,0.0,⚪ PAS DE SIGNAL
"🚫 Menace / ultimatum — Gaza, Israel (general), Israel",2026-03-04 15:15:00,-7.0,31.4167,34.3333,0,10,,604.5,,,7388.474679692599,,0.0,⚪ PAS DE SIGNAL
☢️  Guerre — Lebanon,2026-03-04 15:15:00,-10.0,33.833333,35.833333,0,10,,604.5,,,7388.474679692599,,0.0,⚪ PAS DE SIGNAL
Événement 111 — Iraq,2026-03-04 15:15:00,-2.0,33.0,44.0,0,10,,604.5,,,7388.474679692599,,0.0,⚪ PAS DE SIGNAL
"💥 Attaque — Mashhad, (IR30), Iran",2026-03-04 15:15:00,-2.0,36.297,59.6062,0,10,,604.5,,,7388.474679692599,,0.0,⚪ PAS DE SIGNAL
"🚫 Menace / ultimatum — Ormidia, Larnaca, Cyprus",2026-03-04 15:15:00,-4.4,34.9958,33.7833,0,10,,604.5,,,7388.474679692599,,0.0,⚪ PAS DE SIGNAL
"☢️  Guerre — Shahed, Fars, Iran",2026-03-04 15:15:00,-10.0,28.5934,52.2295,0,10,,604.5,,,7388.474679692599,,0.0,⚪ PAS DE SIGNAL
☢️  Guerre — Oman,2026-03-04 15:15:00,-10.0,21.0,57.0,0,10,,604.5,,,7388.474679692599,,0.0,⚪ PAS DE SIGNAL
"☢️  Guerre — Shuaiba, Kuwait (general), Kuwait",2026-03-04 15:15:00,-10.0,29.0411,48.1375,0,10,,604.5,,,7388.474679692599,,0.0,⚪ PAS DE SIGNAL
"🔒 Coercition — Isfahan, Esfahan, Iran",2026-03-04 15:00:00,-9.2,32.6597,51.6714,0,10,,604.5,,,7388.474679692599,,0.0,⚪ PAS DE SIGNAL
💣 Protestation — Iran,2026-03-04 15:00:00,-6.5,32.0,53.0,0,10,,604.5,,,7388.474679692599,,0.0,⚪ PAS DE SIGNAL
"🔒 Coercition — Gaza, Israel (general), Israel",2026-03-04 15:00:00,-5.0,31.4167,34.3333,0,10,,604.5,,,7388.474679692599,,0.0,⚪ PAS DE SIGNAL
"Événement 100 — Jeddah, Makkah, Saudi Arabia",2026-03-04 15:00:00,-5.0,21.5169,39.2192,0,10,,604.5,,,7388.474679692599,,0.0,⚪ PAS DE SIGNAL
"⚔️  Conflit armé — Qeshm, Kordestan, Iran",2026-03-04 15:00:00,-7.2,35.4421,47.3506,0,10,,604.5,,,7388.474679692599,,0.0,⚪ PAS DE SIGNAL
"🚫 Menace / ultimatum — Dubai, Dubayy, United Arab Emirates",2026-03-04 15:00:00,-4.4,25.2522,55.28,0,10,,604.5,,,7388.474679692599,,0.0,⚪ PAS DE SIGNAL
"☢️  Guerre — Khorramshahr, Khuzestan, Iran",2026-03-04 15:00:00,-10.0,30.4397,48.1664,0,10,,604.5,,,7388.474679692599,,0.0,⚪ PAS DE SIGNAL
🔒 Coercition — Azerbaijan,2026-03-04 15:00:00,-5.0,40.5,47.5,0,10,,604.5,,,7388.474679692599,,0.0,⚪ PAS DE SIGNAL
🚨 Attentat — Lebanon,2026-03-04 15:00:00,-9.5,33.833333,35.833333,0,10,,604.5,,,7388.474679692599,,0.0,⚪ PAS DE SIGNAL
"⚔️  Conflit armé — Gulf Of Oman, Iran (general), Iran",2026-03-04 15:00:00,-7.2,25.4489,57.7939,0,10,,604.5,,,7388.474679692599,,0.0,⚪ PAS DE SIGNAL
☢️  Guerre — Iraq,2026-03-04 15:00:00,-10.0,33.0,44.0,0,10,,604.5,,,7388.474679692599,,0.0,⚪ PAS DE SIGNAL
"Événement 120 — Sheikh Jarrah, Yerushalayim, Israel",2026-03-04 15:00:00,-4.0,31.8,35.2333,0,10,,604.5,,,7388.474679692599,,0.0,⚪ PAS DE SIGNAL
"Événement 111 — Tel Aviv, Tel Aviv, Israel",2026-03-04 15:00:00,-2.0,32.0667,34.7667,0,10,,604.5,,,7388.474679692599,,0.0,⚪ PAS DE SIGNAL
"☢️  Guerre — Beirut, Beyrouth, Lebanon",2026-03-04 15:00:00,-10.0,33.8719,35.5097,0,10,,604.5,,,7388.474679692599,,0.0,⚪ PAS DE SIGNAL
☢️  Guerre — Saudi Arabia,2026-03-04 15:00:00,-10.0,25.0,45.0,0,10,,604.5,,,7388.474679692599,,0.0,⚪ PAS DE SIGNAL
Événement 100 — Qatar,2026-03-04 15:00:00,-5.0,25.5,51.25,0,10,,604.5,,,7388.474679692599,,0.0,⚪ PAS DE SIGNAL
"☢️  Guerre — Sweida, As Suwayda', Syria",2026-03-04 15:00:00,-10.0,32.709,36.5695,0,10,,604.5,,,7388.474679692599,,0.0,⚪ PAS DE SIGNAL
💥 Attaque — Cyprus,2026-03-04 15:00:00,-4.0,35.0,33.0,0,10,,604.5,,,7388.474679692599,,0.0,⚪ PAS DE SIGNAL
"☢️  Guerre — Dubai, Dubayy, United Arab Emirates",2026-03-04 15:15:00,-10.0,25.2522,55.28,0,10,,604.5,,,7388.474679692599,,0.0,⚪ PAS DE SIGNAL
☢️  Guerre — Israel,2026-03-04 15:15:00,-10.0,31.5,34.75,0,10,,604.5,,,7388.474679692599,,0.0,⚪ PAS DE SIGNAL
"☢️  Guerre — Basij, Fars, Iran",2026-03-04 15:15:00,-10.0,30.608,53.1874,0,10,,604.5,,,7388.474679692599,,0.0,⚪ PAS DE SIGNAL
"💥 Attaque — Jerusalem, Israel (general), Israel",2026-03-04 15:30:00,-4.0,31.7667,35.2333,0,10,,604.5,,,7388.474679692599,,0.0,⚪ PAS DE SIGNAL
🚫 Menace / ultimatum — Israel,2026-03-04 15:45:00,-4.4,31.5,34.75,0,10,,604.5,,,7388.474679692599,,0.0,⚪ PAS DE SIGNAL
"⚔️  Conflit armé — Akrotiri, Perifereia Notiou Aigaiou, Greece",2026-03-04 15:30:00,-7.2,36.3584,25.3959,0,10,,604.5,,,7388.474679692599,,0.0,⚪ PAS DE SIGNAL
⚔️  Conflit armé — Iran,2026-03-04 15:30:00,-7.2,32.0,53.0,0,10,,604.5,,,7388.474679692599,,0.0,⚪ PAS DE SIGNAL
"☢️  Guerre — Manama, Al Manamah, Bahrain",2026-03-04 15:30:00,-10.0,26.2361,50.5831,0,10,,604.5,,,7388.474679692599,,0.0,⚪ PAS DE SIGNAL
"Événement 125 — Tehran, Tehran, Iran",2026-03-04 15:30:00,-5.0,35.75,51.5148,0,10,,604.5,,,7388.474679692599,,0.0,⚪ PAS DE SIGNAL
☢️  Guerre — Yemen,2026-03-04 15:30:00,-10.0,15.5,47.5,0,10,,604.5,,,7388.474679692599,,0.0,⚪ PAS DE SIGNAL
"🚫 Menace / ultimatum — Ben Gurion, HaMerkaz, Israel",2026-03-04 15:30:00,-4.4,32.0114,34.8867,0,10,,604.5,,,7388.474679692599,,0.0,⚪ PAS DE SIGNAL
"☢️  Guerre — Ankara, Ankara, Turkey",2026-03-04 15:30:00,-10.0,39.9272,32.8644,0,10,,604.5,,,7388.474679692599,,0.0,⚪ PAS DE SIGNAL
⚔️  Conflit armé — Iraq,2026-03-04 15:30:00,-7.2,33.0,44.0,0,10,,604.5,,,7388.474679692599,,0.0,⚪ PAS DE SIGNAL
"Événement 120 — Basij, Fars, Iran",2026-03-04 15:30:00,-4.0,30.608,53.1874,0,10,,604.5,,,7388.474679692599,,0.0,⚪ PAS DE SIGNAL
"☢️  Guerre — Lankan, Ardabil, Iran",2026-03-04 15:30:00,-10.0,38.9392,47.9546,0,10,,604.5,,,7388.474679692599,,0.0,⚪ PAS DE SIGNAL
"💥 Attaque — Baku, Baki*, Azerbaijan",2026-03-04 15:30:00,-7.0,40.3953,49.8822,0,10,,604.5,,,7388.474679692599,,0.0,⚪ PAS DE SIGNAL
"🚨 Attentat — Shuaiba, Kuwait (general), Kuwait",2026-03-04 15:30:00,-9.0,29.0411,48.1375,0,10,,604.5,,,7388.474679692599,,0.0,⚪ PAS DE SIGNAL
"☢️  Guerre — Jerusalem, Israel (general), Israel",2026-03-04 15:15:00,-10.0,31.7667,35.2333,0,10,,604.5,,,7388.474679692599,,0.0,⚪ PAS DE SIGNAL
"Événement 111 — Minab, Sistan va Baluchestan, Iran",2026-03-04 15:30:00,-2.0,25.7893,61.1025,0,10,,604.5,,,7388.474679692599,,0.0,⚪ PAS DE SIGNAL
☢️  Guerre — Turkey,2026-03-04 15:30:00,-10.0,39.059012,34.911546,0,10,,604.5,,,7388.474679692599,,0.0,⚪ PAS DE SIGNAL
"☢️  Guerre — Mohammad Reza, Sistan va Baluchestan, Iran",2026-03-04 15:30:00,-10.0,27.2942,61.3981,0,10,,604.5,,,7388.474679692599,,0.0,⚪ PAS DE SIGNAL
"☢️  Guerre — Gaza, Israel (general), Israel",2026-03-04 15:30:00,-10.0,31.4167,34.3333,0,10,,604.5,,,7388.474679692599,,0.0,⚪ PAS DE SIGNAL
"☢️  Guerre — Kurkur, Ilam, Iran",2026-03-04 15:30:00,-10.0,33.85,46.5333,0,10,,604.5,,,7388.474679692599,,0.0,⚪ PAS DE SIGNAL
"Événement 111 — Hatay, Hatay, Turkey",2026-03-04 15:30:00,-2.0,36.2066,36.1572,0,10,,604.5,,,7388.474679692599,,0.0,⚪ PAS DE SIGNAL
"Événement 90 — Ras Tanura, Ash Sharqiyah, Saudi Arabia",2026-03-04 15:15:00,-2.0,26.6439,50.1592,0,10,,604.5,,,7388.474679692599,,0.0,⚪ PAS DE SIGNAL
"Événement 100 — Tel Aviv, Tel Aviv, Israel",2026-03-04 15:15:00,-5.0,32.0667,34.7667,0,10,,604.5,,,7388.474679692599,,0.0,⚪ PAS DE SIGNAL
🔒 Coercition — Iran,2026-03-04 15:15:00,-5.0,32.0,53.0,0,10,,604.5,,,7388.474679692599,,0.0,⚪ PAS DE SIGNAL
🚫 Menace / ultimatum — Kuwait,2026-03-04 15:15:00,-7.0,29.5,47.75,0,10,,604.5,,,7388.474679692599,,0.0,⚪ PAS DE SIGNAL
"Événement 111 — Najaf, Az¯arbayjan-e Sharqi, Iran",2026-03-04 15:15:00,-2.0,39.0815,47.396,0,10,,604.5,,,7388.474679692599,,0.0,⚪ PAS DE SIGNAL
"Événement 90 — Abu Dhabi, Abu Z¸aby, United Arab Emirates",2026-03-04 15:15:00,-2.0,24.4667,54.3667,0,10,,604.5,,,7388.474679692599,,0.0,⚪ PAS DE SIGNAL
"🚫 Menace / ultimatum — Koysinjaq, Liwa' Irbil, Iraq",2026-03-04 15:45:00,-4.4,36.0845,44.6286,0,10,,604.5,,,7388.474679692599,,0.0,⚪ PAS DE SIGNAL
